chronic_group_id,chronic_group,icd_expression,icd_code,classification
1,Cancer and in-situ carcinomas,"C00-C97,D00-D09",C00,Finnish_34
1,Cancer and in-situ carcinomas,"C00-C97,D00-D09",C01,Finnish_34
1,Cancer and in-situ carcinomas,"C00-C97,D00-D09",C02,Finnish_34
1,Cancer and in-situ carcinomas,"C00-C97,D00-D09",C03,Finnish_34
1,Cancer and in-situ carcinomas,"C00-C97,D00-D09",C04,Finnish_34
1,Cancer and in-situ carcinomas,"C00-C97,D00-D09",C05,Finnish_34
1,Cancer and in-situ carcinomas,"C00-C97,D00-D09",C06,Finnish_34
1,Cancer and in-situ carcinomas,"C00-C97,D00-D09",C07,Finnish_34
1,Cancer and in-situ carcinomas,"C00-C97,D00-D09",C08,Finnish_34
1,Cancer and in-situ carcinomas,"C00-C97,D00-D09",C09,Finnish_34
1,Cancer and in-situ carcinomas,"C00-C97,D00-D09",C10,Finnish_34
1,Cancer and in-situ carcinomas,"C00-C97,D00-D09",C11,Finnish_34
1,Cancer and in-situ carcinomas,"C00-C97,D00-D09",C12,Finnish_34
1,Cancer and in-situ carcinomas,"C00-C97,D00-D09",C13,Finnish_34
1,Cancer and in-situ carcinomas,"C00-C97,D00-D09",C14,Finnish_34
1,Cancer and in-situ carcinomas,"C00-C97,D00-D09",C15,Finnish_34
1,Cancer and in-situ carcinomas,"C00-C97,D00-D09",C16,Finnish_34
1,Cancer and in-situ carcinomas,"C00-C97,D00-D09",C17,Finnish_34
1,Cancer and in-situ carcinomas,"C00-C97,D00-D09",C18,Finnish_34
1,Cancer and in-situ carcinomas,"C00-C97,D00-D09",C19,Finnish_34
1,Cancer and in-situ carcinomas,"C00-C97,D00-D09",C20,Finnish_34
1,Cancer and in-situ carcinomas,"C00-C97,D00-D09",C21,Finnish_34
1,Cancer and in-situ carcinomas,"C00-C97,D00-D09",C22,Finnish_34
1,Cancer and in-situ carcinomas,"C00-C97,D00-D09",C23,Finnish_34
1,Cancer and in-situ carcinomas,"C00-C97,D00-D09",C24,Finnish_34
1,Cancer and in-situ carcinomas,"C00-C97,D00-D09",C25,Finnish_34
1,Cancer and in-situ carcinomas,"C00-C97,D00-D09",C26,Finnish_34
1,Cancer and in-situ carcinomas,"C00-C97,D00-D09",C27,Finnish_34
1,Cancer and in-situ carcinomas,"C00-C97,D00-D09",C28,Finnish_34
1,Cancer and in-situ carcinomas,"C00-C97,D00-D09",C29,Finnish_34
1,Cancer and in-situ carcinomas,"C00-C97,D00-D09",C30,Finnish_34
1,Cancer and in-situ carcinomas,"C00-C97,D00-D09",C31,Finnish_34
1,Cancer and in-situ carcinomas,"C00-C97,D00-D09",C32,Finnish_34
1,Cancer and in-situ carcinomas,"C00-C97,D00-D09",C33,Finnish_34
1,Cancer and in-situ carcinomas,"C00-C97,D00-D09",C34,Finnish_34
1,Cancer and in-situ carcinomas,"C00-C97,D00-D09",C35,Finnish_34
1,Cancer and in-situ carcinomas,"C00-C97,D00-D09",C36,Finnish_34
1,Cancer and in-situ carcinomas,"C00-C97,D00-D09",C37,Finnish_34
1,Cancer and in-situ carcinomas,"C00-C97,D00-D09",C38,Finnish_34
1,Cancer and in-situ carcinomas,"C00-C97,D00-D09",C39,Finnish_34
1,Cancer and in-situ carcinomas,"C00-C97,D00-D09",C40,Finnish_34
1,Cancer and in-situ carcinomas,"C00-C97,D00-D09",C41,Finnish_34
1,Cancer and in-situ carcinomas,"C00-C97,D00-D09",C42,Finnish_34
1,Cancer and in-situ carcinomas,"C00-C97,D00-D09",C43,Finnish_34
1,Cancer and in-situ carcinomas,"C00-C97,D00-D09",C44,Finnish_34
1,Cancer and in-situ carcinomas,"C00-C97,D00-D09",C45,Finnish_34
1,Cancer and in-situ carcinomas,"C00-C97,D00-D09",C46,Finnish_34
1,Cancer and in-situ carcinomas,"C00-C97,D00-D09",C47,Finnish_34
1,Cancer and in-situ carcinomas,"C00-C97,D00-D09",C48,Finnish_34
1,Cancer and in-situ carcinomas,"C00-C97,D00-D09",C49,Finnish_34
1,Cancer and in-situ carcinomas,"C00-C97,D00-D09",C50,Finnish_34
1,Cancer and in-situ carcinomas,"C00-C97,D00-D09",C51,Finnish_34
1,Cancer and in-situ carcinomas,"C00-C97,D00-D09",C52,Finnish_34
1,Cancer and in-situ carcinomas,"C00-C97,D00-D09",C53,Finnish_34
1,Cancer and in-situ carcinomas,"C00-C97,D00-D09",C54,Finnish_34
1,Cancer and in-situ carcinomas,"C00-C97,D00-D09",C55,Finnish_34
1,Cancer and in-situ carcinomas,"C00-C97,D00-D09",C56,Finnish_34
1,Cancer and in-situ carcinomas,"C00-C97,D00-D09",C57,Finnish_34
1,Cancer and in-situ carcinomas,"C00-C97,D00-D09",C58,Finnish_34
1,Cancer and in-situ carcinomas,"C00-C97,D00-D09",C59,Finnish_34
1,Cancer and in-situ carcinomas,"C00-C97,D00-D09",C60,Finnish_34
1,Cancer and in-situ carcinomas,"C00-C97,D00-D09",C61,Finnish_34
1,Cancer and in-situ carcinomas,"C00-C97,D00-D09",C62,Finnish_34
1,Cancer and in-situ carcinomas,"C00-C97,D00-D09",C63,Finnish_34
1,Cancer and in-situ carcinomas,"C00-C97,D00-D09",C64,Finnish_34
1,Cancer and in-situ carcinomas,"C00-C97,D00-D09",C65,Finnish_34
1,Cancer and in-situ carcinomas,"C00-C97,D00-D09",C66,Finnish_34
1,Cancer and in-situ carcinomas,"C00-C97,D00-D09",C67,Finnish_34
1,Cancer and in-situ carcinomas,"C00-C97,D00-D09",C68,Finnish_34
1,Cancer and in-situ carcinomas,"C00-C97,D00-D09",C69,Finnish_34
1,Cancer and in-situ carcinomas,"C00-C97,D00-D09",C70,Finnish_34
1,Cancer and in-situ carcinomas,"C00-C97,D00-D09",C71,Finnish_34
1,Cancer and in-situ carcinomas,"C00-C97,D00-D09",C72,Finnish_34
1,Cancer and in-situ carcinomas,"C00-C97,D00-D09",C73,Finnish_34
1,Cancer and in-situ carcinomas,"C00-C97,D00-D09",C74,Finnish_34
1,Cancer and in-situ carcinomas,"C00-C97,D00-D09",C75,Finnish_34
1,Cancer and in-situ carcinomas,"C00-C97,D00-D09",C76,Finnish_34
1,Cancer and in-situ carcinomas,"C00-C97,D00-D09",C77,Finnish_34
1,Cancer and in-situ carcinomas,"C00-C97,D00-D09",C78,Finnish_34
1,Cancer and in-situ carcinomas,"C00-C97,D00-D09",C79,Finnish_34
1,Cancer and in-situ carcinomas,"C00-C97,D00-D09",C80,Finnish_34
1,Cancer and in-situ carcinomas,"C00-C97,D00-D09",C81,Finnish_34
1,Cancer and in-situ carcinomas,"C00-C97,D00-D09",C82,Finnish_34
1,Cancer and in-situ carcinomas,"C00-C97,D00-D09",C83,Finnish_34
1,Cancer and in-situ carcinomas,"C00-C97,D00-D09",C84,Finnish_34
1,Cancer and in-situ carcinomas,"C00-C97,D00-D09",C85,Finnish_34
1,Cancer and in-situ carcinomas,"C00-C97,D00-D09",C86,Finnish_34
1,Cancer and in-situ carcinomas,"C00-C97,D00-D09",C87,Finnish_34
1,Cancer and in-situ carcinomas,"C00-C97,D00-D09",C88,Finnish_34
1,Cancer and in-situ carcinomas,"C00-C97,D00-D09",C89,Finnish_34
1,Cancer and in-situ carcinomas,"C00-C97,D00-D09",C90,Finnish_34
1,Cancer and in-situ carcinomas,"C00-C97,D00-D09",C91,Finnish_34
1,Cancer and in-situ carcinomas,"C00-C97,D00-D09",C92,Finnish_34
1,Cancer and in-situ carcinomas,"C00-C97,D00-D09",C93,Finnish_34
1,Cancer and in-situ carcinomas,"C00-C97,D00-D09",C94,Finnish_34
1,Cancer and in-situ carcinomas,"C00-C97,D00-D09",C95,Finnish_34
1,Cancer and in-situ carcinomas,"C00-C97,D00-D09",C96,Finnish_34
1,Cancer and in-situ carcinomas,"C00-C97,D00-D09",C97,Finnish_34
1,Cancer and in-situ carcinomas,"C00-C97,D00-D09",D00,Finnish_34
1,Cancer and in-situ carcinomas,"C00-C97,D00-D09",D01,Finnish_34
1,Cancer and in-situ carcinomas,"C00-C97,D00-D09",D02,Finnish_34
1,Cancer and in-situ carcinomas,"C00-C97,D00-D09",D03,Finnish_34
1,Cancer and in-situ carcinomas,"C00-C97,D00-D09",D04,Finnish_34
1,Cancer and in-situ carcinomas,"C00-C97,D00-D09",D05,Finnish_34
1,Cancer and in-situ carcinomas,"C00-C97,D00-D09",D06,Finnish_34
1,Cancer and in-situ carcinomas,"C00-C97,D00-D09",D07,Finnish_34
1,Cancer and in-situ carcinomas,"C00-C97,D00-D09",D08,Finnish_34
1,Cancer and in-situ carcinomas,"C00-C97,D00-D09",D09,Finnish_34
2,Blood diseases and blood-forming organs,"D50-D53,D55-D61,D63,D64,D66-D69,D71-D89",D50,Finnish_34
2,Blood diseases and blood-forming organs,"D50-D53,D55-D61,D63,D64,D66-D69,D71-D89",D51,Finnish_34
2,Blood diseases and blood-forming organs,"D50-D53,D55-D61,D63,D64,D66-D69,D71-D89",D52,Finnish_34
2,Blood diseases and blood-forming organs,"D50-D53,D55-D61,D63,D64,D66-D69,D71-D89",D53,Finnish_34
2,Blood diseases and blood-forming organs,"D50-D53,D55-D61,D63,D64,D66-D69,D71-D89",D55,Finnish_34
2,Blood diseases and blood-forming organs,"D50-D53,D55-D61,D63,D64,D66-D69,D71-D89",D56,Finnish_34
2,Blood diseases and blood-forming organs,"D50-D53,D55-D61,D63,D64,D66-D69,D71-D89",D57,Finnish_34
2,Blood diseases and blood-forming organs,"D50-D53,D55-D61,D63,D64,D66-D69,D71-D89",D58,Finnish_34
2,Blood diseases and blood-forming organs,"D50-D53,D55-D61,D63,D64,D66-D69,D71-D89",D59,Finnish_34
2,Blood diseases and blood-forming organs,"D50-D53,D55-D61,D63,D64,D66-D69,D71-D89",D60,Finnish_34
2,Blood diseases and blood-forming organs,"D50-D53,D55-D61,D63,D64,D66-D69,D71-D89",D61,Finnish_34
2,Blood diseases and blood-forming organs,"D50-D53,D55-D61,D63,D64,D66-D69,D71-D89",D63,Finnish_34
2,Blood diseases and blood-forming organs,"D50-D53,D55-D61,D63,D64,D66-D69,D71-D89",D64,Finnish_34
2,Blood diseases and blood-forming organs,"D50-D53,D55-D61,D63,D64,D66-D69,D71-D89",D66,Finnish_34
2,Blood diseases and blood-forming organs,"D50-D53,D55-D61,D63,D64,D66-D69,D71-D89",D67,Finnish_34
2,Blood diseases and blood-forming organs,"D50-D53,D55-D61,D63,D64,D66-D69,D71-D89",D68,Finnish_34
2,Blood diseases and blood-forming organs,"D50-D53,D55-D61,D63,D64,D66-D69,D71-D89",D69,Finnish_34
2,Blood diseases and blood-forming organs,"D50-D53,D55-D61,D63,D64,D66-D69,D71-D89",D71,Finnish_34
2,Blood diseases and blood-forming organs,"D50-D53,D55-D61,D63,D64,D66-D69,D71-D89",D72,Finnish_34
2,Blood diseases and blood-forming organs,"D50-D53,D55-D61,D63,D64,D66-D69,D71-D89",D73,Finnish_34
2,Blood diseases and blood-forming organs,"D50-D53,D55-D61,D63,D64,D66-D69,D71-D89",D74,Finnish_34
2,Blood diseases and blood-forming organs,"D50-D53,D55-D61,D63,D64,D66-D69,D71-D89",D75,Finnish_34
2,Blood diseases and blood-forming organs,"D50-D53,D55-D61,D63,D64,D66-D69,D71-D89",D76,Finnish_34
2,Blood diseases and blood-forming organs,"D50-D53,D55-D61,D63,D64,D66-D69,D71-D89",D77,Finnish_34
2,Blood diseases and blood-forming organs,"D50-D53,D55-D61,D63,D64,D66-D69,D71-D89",D78,Finnish_34
2,Blood diseases and blood-forming organs,"D50-D53,D55-D61,D63,D64,D66-D69,D71-D89",D79,Finnish_34
2,Blood diseases and blood-forming organs,"D50-D53,D55-D61,D63,D64,D66-D69,D71-D89",D80,Finnish_34
2,Blood diseases and blood-forming organs,"D50-D53,D55-D61,D63,D64,D66-D69,D71-D89",D81,Finnish_34
2,Blood diseases and blood-forming organs,"D50-D53,D55-D61,D63,D64,D66-D69,D71-D89",D82,Finnish_34
2,Blood diseases and blood-forming organs,"D50-D53,D55-D61,D63,D64,D66-D69,D71-D89",D83,Finnish_34
2,Blood diseases and blood-forming organs,"D50-D53,D55-D61,D63,D64,D66-D69,D71-D89",D84,Finnish_34
2,Blood diseases and blood-forming organs,"D50-D53,D55-D61,D63,D64,D66-D69,D71-D89",D85,Finnish_34
2,Blood diseases and blood-forming organs,"D50-D53,D55-D61,D63,D64,D66-D69,D71-D89",D86,Finnish_34
2,Blood diseases and blood-forming organs,"D50-D53,D55-D61,D63,D64,D66-D69,D71-D89",D87,Finnish_34
2,Blood diseases and blood-forming organs,"D50-D53,D55-D61,D63,D64,D66-D69,D71-D89",D88,Finnish_34
2,Blood diseases and blood-forming organs,"D50-D53,D55-D61,D63,D64,D66-D69,D71-D89",D89,Finnish_34
3,Endocrine diseases,"E00-E03,E05-E07,E20-E29,E31,E34,E35",E00,Finnish_34
3,Endocrine diseases,"E00-E03,E05-E07,E20-E29,E31,E34,E35",E01,Finnish_34
3,Endocrine diseases,"E00-E03,E05-E07,E20-E29,E31,E34,E35",E02,Finnish_34
3,Endocrine diseases,"E00-E03,E05-E07,E20-E29,E31,E34,E35",E03,Finnish_34
3,Endocrine diseases,"E00-E03,E05-E07,E20-E29,E31,E34,E35",E05,Finnish_34
3,Endocrine diseases,"E00-E03,E05-E07,E20-E29,E31,E34,E35",E06,Finnish_34
3,Endocrine diseases,"E00-E03,E05-E07,E20-E29,E31,E34,E35",E07,Finnish_34
3,Endocrine diseases,"E00-E03,E05-E07,E20-E29,E31,E34,E35",E20,Finnish_34
3,Endocrine diseases,"E00-E03,E05-E07,E20-E29,E31,E34,E35",E21,Finnish_34
3,Endocrine diseases,"E00-E03,E05-E07,E20-E29,E31,E34,E35",E22,Finnish_34
3,Endocrine diseases,"E00-E03,E05-E07,E20-E29,E31,E34,E35",E23,Finnish_34
3,Endocrine diseases,"E00-E03,E05-E07,E20-E29,E31,E34,E35",E24,Finnish_34
3,Endocrine diseases,"E00-E03,E05-E07,E20-E29,E31,E34,E35",E25,Finnish_34
3,Endocrine diseases,"E00-E03,E05-E07,E20-E29,E31,E34,E35",E26,Finnish_34
3,Endocrine diseases,"E00-E03,E05-E07,E20-E29,E31,E34,E35",E27,Finnish_34
3,Endocrine diseases,"E00-E03,E05-E07,E20-E29,E31,E34,E35",E28,Finnish_34
3,Endocrine diseases,"E00-E03,E05-E07,E20-E29,E31,E34,E35",E29,Finnish_34
3,Endocrine diseases,"E00-E03,E05-E07,E20-E29,E31,E34,E35",E31,Finnish_34
3,Endocrine diseases,"E00-E03,E05-E07,E20-E29,E31,E34,E35",E34,Finnish_34
3,Endocrine diseases,"E00-E03,E05-E07,E20-E29,E31,E34,E35",E35,Finnish_34
4,Diabetes,E10-E14,E10,Finnish_34
4,Diabetes,E10-E14,E11,Finnish_34
4,Diabetes,E10-E14,E12,Finnish_34
4,Diabetes,E10-E14,E13,Finnish_34
4,Diabetes,E10-E14,E14,Finnish_34
5,Obesity and other metabolic diseases,"E65,E66,E68,E70-E72,E74-E80,E83-E85,E88-E90",E65,Finnish_34
5,Obesity and other metabolic diseases,"E65,E66,E68,E70-E72,E74-E80,E83-E85,E88-E90",E66,Finnish_34
5,Obesity and other metabolic diseases,"E65,E66,E68,E70-E72,E74-E80,E83-E85,E88-E90",E68,Finnish_34
5,Obesity and other metabolic diseases,"E65,E66,E68,E70-E72,E74-E80,E83-E85,E88-E90",E70,Finnish_34
5,Obesity and other metabolic diseases,"E65,E66,E68,E70-E72,E74-E80,E83-E85,E88-E90",E71,Finnish_34
5,Obesity and other metabolic diseases,"E65,E66,E68,E70-E72,E74-E80,E83-E85,E88-E90",E72,Finnish_34
5,Obesity and other metabolic diseases,"E65,E66,E68,E70-E72,E74-E80,E83-E85,E88-E90",E74,Finnish_34
5,Obesity and other metabolic diseases,"E65,E66,E68,E70-E72,E74-E80,E83-E85,E88-E90",E75,Finnish_34
5,Obesity and other metabolic diseases,"E65,E66,E68,E70-E72,E74-E80,E83-E85,E88-E90",E76,Finnish_34
5,Obesity and other metabolic diseases,"E65,E66,E68,E70-E72,E74-E80,E83-E85,E88-E90",E77,Finnish_34
5,Obesity and other metabolic diseases,"E65,E66,E68,E70-E72,E74-E80,E83-E85,E88-E90",E78,Finnish_34
5,Obesity and other metabolic diseases,"E65,E66,E68,E70-E72,E74-E80,E83-E85,E88-E90",E79,Finnish_34
5,Obesity and other metabolic diseases,"E65,E66,E68,E70-E72,E74-E80,E83-E85,E88-E90",E80,Finnish_34
5,Obesity and other metabolic diseases,"E65,E66,E68,E70-E72,E74-E80,E83-E85,E88-E90",E83,Finnish_34
5,Obesity and other metabolic diseases,"E65,E66,E68,E70-E72,E74-E80,E83-E85,E88-E90",E84,Finnish_34
5,Obesity and other metabolic diseases,"E65,E66,E68,E70-E72,E74-E80,E83-E85,E88-E90",E85,Finnish_34
5,Obesity and other metabolic diseases,"E65,E66,E68,E70-E72,E74-E80,E83-E85,E88-E90",E88,Finnish_34
5,Obesity and other metabolic diseases,"E65,E66,E68,E70-E72,E74-E80,E83-E85,E88-E90",E89,Finnish_34
5,Obesity and other metabolic diseases,"E65,E66,E68,E70-E72,E74-E80,E83-E85,E88-E90",E90,Finnish_34
6,Dementia and organic psychical disorders,"F00-F09,G30-G32",F00,Finnish_34
6,Dementia and organic psychical disorders,"F00-F09,G30-G32",F01,Finnish_34
6,Dementia and organic psychical disorders,"F00-F09,G30-G32",F02,Finnish_34
6,Dementia and organic psychical disorders,"F00-F09,G30-G32",F03,Finnish_34
6,Dementia and organic psychical disorders,"F00-F09,G30-G32",F04,Finnish_34
6,Dementia and organic psychical disorders,"F00-F09,G30-G32",F05,Finnish_34
6,Dementia and organic psychical disorders,"F00-F09,G30-G32",F06,Finnish_34
6,Dementia and organic psychical disorders,"F00-F09,G30-G32",F07,Finnish_34
6,Dementia and organic psychical disorders,"F00-F09,G30-G32",F08,Finnish_34
6,Dementia and organic psychical disorders,"F00-F09,G30-G32",F09,Finnish_34
6,Dementia and organic psychical disorders,"F00-F09,G30-G32",G30,Finnish_34
6,Dementia and organic psychical disorders,"F00-F09,G30-G32",G31,Finnish_34
6,Dementia and organic psychical disorders,"F00-F09,G30-G32",G32,Finnish_34
7,Psychiatric and behavioural diseases related to substance abuse,"F10-F16,F18,F19",F10,Finnish_34
7,Psychiatric and behavioural diseases related to substance abuse,"F10-F16,F18,F19",F11,Finnish_34
7,Psychiatric and behavioural diseases related to substance abuse,"F10-F16,F18,F19",F12,Finnish_34
7,Psychiatric and behavioural diseases related to substance abuse,"F10-F16,F18,F19",F13,Finnish_34
7,Psychiatric and behavioural diseases related to substance abuse,"F10-F16,F18,F19",F14,Finnish_34
7,Psychiatric and behavioural diseases related to substance abuse,"F10-F16,F18,F19",F15,Finnish_34
7,Psychiatric and behavioural diseases related to substance abuse,"F10-F16,F18,F19",F16,Finnish_34
7,Psychiatric and behavioural diseases related to substance abuse,"F10-F16,F18,F19",F18,Finnish_34
7,Psychiatric and behavioural diseases related to substance abuse,"F10-F16,F18,F19",F19,Finnish_34
8,Schizophrenia and delusional diseases,"F20-F22,F24,F25,F28,F29",F20,Finnish_34
8,Schizophrenia and delusional diseases,"F20-F22,F24,F25,F28,F29",F21,Finnish_34
8,Schizophrenia and delusional diseases,"F20-F22,F24,F25,F28,F29",F22,Finnish_34
8,Schizophrenia and delusional diseases,"F20-F22,F24,F25,F28,F29",F24,Finnish_34
8,Schizophrenia and delusional diseases,"F20-F22,F24,F25,F28,F29",F25,Finnish_34
8,Schizophrenia and delusional diseases,"F20-F22,F24,F25,F28,F29",F28,Finnish_34
8,Schizophrenia and delusional diseases,"F20-F22,F24,F25,F28,F29",F29,Finnish_34
9,Mood disorders,F30-F39,F30,Finnish_34
9,Mood disorders,F30-F39,F31,Finnish_34
9,Mood disorders,F30-F39,F32,Finnish_34
9,Mood disorders,F30-F39,F33,Finnish_34
9,Mood disorders,F30-F39,F34,Finnish_34
9,Mood disorders,F30-F39,F35,Finnish_34
9,Mood disorders,F30-F39,F36,Finnish_34
9,Mood disorders,F30-F39,F37,Finnish_34
9,Mood disorders,F30-F39,F38,Finnish_34
9,Mood disorders,F30-F39,F39,Finnish_34
10,"Neurotic, stress-related and somatoform diseases, including eating disorders","F40-F42,F44,F45,F48,F50,F52-F55,F59-F63,F68,F69",F40,Finnish_34
10,"Neurotic, stress-related and somatoform diseases, including eating disorders","F40-F42,F44,F45,F48,F50,F52-F55,F59-F63,F68,F69",F41,Finnish_34
10,"Neurotic, stress-related and somatoform diseases, including eating disorders","F40-F42,F44,F45,F48,F50,F52-F55,F59-F63,F68,F69",F42,Finnish_34
10,"Neurotic, stress-related and somatoform diseases, including eating disorders","F40-F42,F44,F45,F48,F50,F52-F55,F59-F63,F68,F69",F44,Finnish_34
10,"Neurotic, stress-related and somatoform diseases, including eating disorders","F40-F42,F44,F45,F48,F50,F52-F55,F59-F63,F68,F69",F45,Finnish_34
10,"Neurotic, stress-related and somatoform diseases, including eating disorders","F40-F42,F44,F45,F48,F50,F52-F55,F59-F63,F68,F69",F48,Finnish_34
10,"Neurotic, stress-related and somatoform diseases, including eating disorders","F40-F42,F44,F45,F48,F50,F52-F55,F59-F63,F68,F69",F50,Finnish_34
10,"Neurotic, stress-related and somatoform diseases, including eating disorders","F40-F42,F44,F45,F48,F50,F52-F55,F59-F63,F68,F69",F52,Finnish_34
10,"Neurotic, stress-related and somatoform diseases, including eating disorders","F40-F42,F44,F45,F48,F50,F52-F55,F59-F63,F68,F69",F53,Finnish_34
10,"Neurotic, stress-related and somatoform diseases, including eating disorders","F40-F42,F44,F45,F48,F50,F52-F55,F59-F63,F68,F69",F54,Finnish_34
10,"Neurotic, stress-related and somatoform diseases, including eating disorders","F40-F42,F44,F45,F48,F50,F52-F55,F59-F63,F68,F69",F55,Finnish_34
10,"Neurotic, stress-related and somatoform diseases, including eating disorders","F40-F42,F44,F45,F48,F50,F52-F55,F59-F63,F68,F69",F59,Finnish_34
10,"Neurotic, stress-related and somatoform diseases, including eating disorders","F40-F42,F44,F45,F48,F50,F52-F55,F59-F63,F68,F69",F60,Finnish_34
10,"Neurotic, stress-related and somatoform diseases, including eating disorders","F40-F42,F44,F45,F48,F50,F52-F55,F59-F63,F68,F69",F61,Finnish_34
10,"Neurotic, stress-related and somatoform diseases, including eating disorders","F40-F42,F44,F45,F48,F50,F52-F55,F59-F63,F68,F69",F62,Finnish_34
10,"Neurotic, stress-related and somatoform diseases, including eating disorders","F40-F42,F44,F45,F48,F50,F52-F55,F59-F63,F68,F69",F63,Finnish_34
10,"Neurotic, stress-related and somatoform diseases, including eating disorders","F40-F42,F44,F45,F48,F50,F52-F55,F59-F63,F68,F69",F68,Finnish_34
10,"Neurotic, stress-related and somatoform diseases, including eating disorders","F40-F42,F44,F45,F48,F50,F52-F55,F59-F63,F68,F69",F69,Finnish_34
11,Sleep disorders,"F51,G47",F51,Finnish_34
11,Sleep disorders,"F51,G47",G47,Finnish_34
12,Other neurological diseases,"G10-G13,G20-G26,G35,G37",G10,Finnish_34
12,Other neurological diseases,"G10-G13,G20-G26,G35,G37",G11,Finnish_34
12,Other neurological diseases,"G10-G13,G20-G26,G35,G37",G12,Finnish_34
12,Other neurological diseases,"G10-G13,G20-G26,G35,G37",G13,Finnish_34
12,Other neurological diseases,"G10-G13,G20-G26,G35,G37",G20,Finnish_34
12,Other neurological diseases,"G10-G13,G20-G26,G35,G37",G21,Finnish_34
12,Other neurological diseases,"G10-G13,G20-G26,G35,G37",G22,Finnish_34
12,Other neurological diseases,"G10-G13,G20-G26,G35,G37",G23,Finnish_34
12,Other neurological diseases,"G10-G13,G20-G26,G35,G37",G24,Finnish_34
12,Other neurological diseases,"G10-G13,G20-G26,G35,G37",G25,Finnish_34
12,Other neurological diseases,"G10-G13,G20-G26,G35,G37",G26,Finnish_34
12,Other neurological diseases,"G10-G13,G20-G26,G35,G37",G35,Finnish_34
12,Other neurological diseases,"G10-G13,G20-G26,G35,G37",G37,Finnish_34
13,Epilepsy and migraine,G40-G44,G40,Finnish_34
13,Epilepsy and migraine,G40-G44,G41,Finnish_34
13,Epilepsy and migraine,G40-G44,G42,Finnish_34
13,Epilepsy and migraine,G40-G44,G43,Finnish_34
13,Epilepsy and migraine,G40-G44,G44,Finnish_34
14,Diseases of nerves and nerve-muscle junction,"G50-G60,G62-G64,G70-G73",G50,Finnish_34
14,Diseases of nerves and nerve-muscle junction,"G50-G60,G62-G64,G70-G73",G51,Finnish_34
14,Diseases of nerves and nerve-muscle junction,"G50-G60,G62-G64,G70-G73",G52,Finnish_34
14,Diseases of nerves and nerve-muscle junction,"G50-G60,G62-G64,G70-G73",G53,Finnish_34
14,Diseases of nerves and nerve-muscle junction,"G50-G60,G62-G64,G70-G73",G54,Finnish_34
14,Diseases of nerves and nerve-muscle junction,"G50-G60,G62-G64,G70-G73",G55,Finnish_34
14,Diseases of nerves and nerve-muscle junction,"G50-G60,G62-G64,G70-G73",G56,Finnish_34
14,Diseases of nerves and nerve-muscle junction,"G50-G60,G62-G64,G70-G73",G57,Finnish_34
14,Diseases of nerves and nerve-muscle junction,"G50-G60,G62-G64,G70-G73",G58,Finnish_34
14,Diseases of nerves and nerve-muscle junction,"G50-G60,G62-G64,G70-G73",G59,Finnish_34
14,Diseases of nerves and nerve-muscle junction,"G50-G60,G62-G64,G70-G73",G60,Finnish_34
14,Diseases of nerves and nerve-muscle junction,"G50-G60,G62-G64,G70-G73",G62,Finnish_34
14,Diseases of nerves and nerve-muscle junction,"G50-G60,G62-G64,G70-G73",G63,Finnish_34
14,Diseases of nerves and nerve-muscle junction,"G50-G60,G62-G64,G70-G73",G64,Finnish_34
14,Diseases of nerves and nerve-muscle junction,"G50-G60,G62-G64,G70-G73",G70,Finnish_34
14,Diseases of nerves and nerve-muscle junction,"G50-G60,G62-G64,G70-G73",G71,Finnish_34
14,Diseases of nerves and nerve-muscle junction,"G50-G60,G62-G64,G70-G73",G72,Finnish_34
14,Diseases of nerves and nerve-muscle junction,"G50-G60,G62-G64,G70-G73",G73,Finnish_34
15,Chronic eye diseases and blindness,"H17-H21,H25-H28,H31,H33,H35,H36,H40-H42,H47-H49,H51,H54",H17,Finnish_34
15,Chronic eye diseases and blindness,"H17-H21,H25-H28,H31,H33,H35,H36,H40-H42,H47-H49,H51,H54",H18,Finnish_34
15,Chronic eye diseases and blindness,"H17-H21,H25-H28,H31,H33,H35,H36,H40-H42,H47-H49,H51,H54",H19,Finnish_34
15,Chronic eye diseases and blindness,"H17-H21,H25-H28,H31,H33,H35,H36,H40-H42,H47-H49,H51,H54",H20,Finnish_34
15,Chronic eye diseases and blindness,"H17-H21,H25-H28,H31,H33,H35,H36,H40-H42,H47-H49,H51,H54",H21,Finnish_34
15,Chronic eye diseases and blindness,"H17-H21,H25-H28,H31,H33,H35,H36,H40-H42,H47-H49,H51,H54",H25,Finnish_34
15,Chronic eye diseases and blindness,"H17-H21,H25-H28,H31,H33,H35,H36,H40-H42,H47-H49,H51,H54",H26,Finnish_34
15,Chronic eye diseases and blindness,"H17-H21,H25-H28,H31,H33,H35,H36,H40-H42,H47-H49,H51,H54",H27,Finnish_34
15,Chronic eye diseases and blindness,"H17-H21,H25-H28,H31,H33,H35,H36,H40-H42,H47-H49,H51,H54",H28,Finnish_34
15,Chronic eye diseases and blindness,"H17-H21,H25-H28,H31,H33,H35,H36,H40-H42,H47-H49,H51,H54",H31,Finnish_34
15,Chronic eye diseases and blindness,"H17-H21,H25-H28,H31,H33,H35,H36,H40-H42,H47-H49,H51,H54",H33,Finnish_34
15,Chronic eye diseases and blindness,"H17-H21,H25-H28,H31,H33,H35,H36,H40-H42,H47-H49,H51,H54",H35,Finnish_34
15,Chronic eye diseases and blindness,"H17-H21,H25-H28,H31,H33,H35,H36,H40-H42,H47-H49,H51,H54",H36,Finnish_34
15,Chronic eye diseases and blindness,"H17-H21,H25-H28,H31,H33,H35,H36,H40-H42,H47-H49,H51,H54",H40,Finnish_34
15,Chronic eye diseases and blindness,"H17-H21,H25-H28,H31,H33,H35,H36,H40-H42,H47-H49,H51,H54",H41,Finnish_34
15,Chronic eye diseases and blindness,"H17-H21,H25-H28,H31,H33,H35,H36,H40-H42,H47-H49,H51,H54",H42,Finnish_34
15,Chronic eye diseases and blindness,"H17-H21,H25-H28,H31,H33,H35,H36,H40-H42,H47-H49,H51,H54",H47,Finnish_34
15,Chronic eye diseases and blindness,"H17-H21,H25-H28,H31,H33,H35,H36,H40-H42,H47-H49,H51,H54",H48,Finnish_34
15,Chronic eye diseases and blindness,"H17-H21,H25-H28,H31,H33,H35,H36,H40-H42,H47-H49,H51,H54",H49,Finnish_34
15,Chronic eye diseases and blindness,"H17-H21,H25-H28,H31,H33,H35,H36,H40-H42,H47-H49,H51,H54",H51,Finnish_34
15,Chronic eye diseases and blindness,"H17-H21,H25-H28,H31,H33,H35,H36,H40-H42,H47-H49,H51,H54",H54,Finnish_34
16,Chronic ear diseases and deafness,"H80-H83,H90,H91,H93,H95",H80,Finnish_34
16,Chronic ear diseases and deafness,"H80-H83,H90,H91,H93,H95",H81,Finnish_34
16,Chronic ear diseases and deafness,"H80-H83,H90,H91,H93,H95",H82,Finnish_34
16,Chronic ear diseases and deafness,"H80-H83,H90,H91,H93,H95",H83,Finnish_34
16,Chronic ear diseases and deafness,"H80-H83,H90,H91,H93,H95",H90,Finnish_34
16,Chronic ear diseases and deafness,"H80-H83,H90,H91,H93,H95",H91,Finnish_34
16,Chronic ear diseases and deafness,"H80-H83,H90,H91,H93,H95",H93,Finnish_34
16,Chronic ear diseases and deafness,"H80-H83,H90,H91,H93,H95",H95,Finnish_34
17,Hypertensive diseases,"I10-I15,I95-I99",I10,Finnish_34
17,Hypertensive diseases,"I10-I15,I95-I99",I11,Finnish_34
17,Hypertensive diseases,"I10-I15,I95-I99",I12,Finnish_34
17,Hypertensive diseases,"I10-I15,I95-I99",I13,Finnish_34
17,Hypertensive diseases,"I10-I15,I95-I99",I14,Finnish_34
17,Hypertensive diseases,"I10-I15,I95-I99",I15,Finnish_34
17,Hypertensive diseases,"I10-I15,I95-I99",I95,Finnish_34
17,Hypertensive diseases,"I10-I15,I95-I99",I96,Finnish_34
17,Hypertensive diseases,"I10-I15,I95-I99",I97,Finnish_34
17,Hypertensive diseases,"I10-I15,I95-I99",I98,Finnish_34
17,Hypertensive diseases,"I10-I15,I95-I99",I99,Finnish_34
18,Ischemic heart diseases,I20-I25,I20,Finnish_34
18,Ischemic heart diseases,I20-I25,I21,Finnish_34
18,Ischemic heart diseases,I20-I25,I22,Finnish_34
18,Ischemic heart diseases,I20-I25,I23,Finnish_34
18,Ischemic heart diseases,I20-I25,I24,Finnish_34
18,Ischemic heart diseases,I20-I25,I25,Finnish_34
19,Other diseases of the heart and pulmonary circulation,"I27,I28,I31,I34-I39,I42-I45,I48-I51",I27,Finnish_34
19,Other diseases of the heart and pulmonary circulation,"I27,I28,I31,I34-I39,I42-I45,I48-I51",I28,Finnish_34
19,Other diseases of the heart and pulmonary circulation,"I27,I28,I31,I34-I39,I42-I45,I48-I51",I31,Finnish_34
19,Other diseases of the heart and pulmonary circulation,"I27,I28,I31,I34-I39,I42-I45,I48-I51",I34,Finnish_34
19,Other diseases of the heart and pulmonary circulation,"I27,I28,I31,I34-I39,I42-I45,I48-I51",I35,Finnish_34
19,Other diseases of the heart and pulmonary circulation,"I27,I28,I31,I34-I39,I42-I45,I48-I51",I36,Finnish_34
19,Other diseases of the heart and pulmonary circulation,"I27,I28,I31,I34-I39,I42-I45,I48-I51",I37,Finnish_34
19,Other diseases of the heart and pulmonary circulation,"I27,I28,I31,I34-I39,I42-I45,I48-I51",I38,Finnish_34
19,Other diseases of the heart and pulmonary circulation,"I27,I28,I31,I34-I39,I42-I45,I48-I51",I39,Finnish_34
19,Other diseases of the heart and pulmonary circulation,"I27,I28,I31,I34-I39,I42-I45,I48-I51",I42,Finnish_34
19,Other diseases of the heart and pulmonary circulation,"I27,I28,I31,I34-I39,I42-I45,I48-I51",I43,Finnish_34
19,Other diseases of the heart and pulmonary circulation,"I27,I28,I31,I34-I39,I42-I45,I48-I51",I44,Finnish_34
19,Other diseases of the heart and pulmonary circulation,"I27,I28,I31,I34-I39,I42-I45,I48-I51",I45,Finnish_34
19,Other diseases of the heart and pulmonary circulation,"I27,I28,I31,I34-I39,I42-I45,I48-I51",I48,Finnish_34
19,Other diseases of the heart and pulmonary circulation,"I27,I28,I31,I34-I39,I42-I45,I48-I51",I49,Finnish_34
19,Other diseases of the heart and pulmonary circulation,"I27,I28,I31,I34-I39,I42-I45,I48-I51",I50,Finnish_34
19,Other diseases of the heart and pulmonary circulation,"I27,I28,I31,I34-I39,I42-I45,I48-I51",I51,Finnish_34
20,Cerebrovascular diseases,I60-I69,I60,Finnish_34
20,Cerebrovascular diseases,I60-I69,I61,Finnish_34
20,Cerebrovascular diseases,I60-I69,I62,Finnish_34
20,Cerebrovascular diseases,I60-I69,I63,Finnish_34
20,Cerebrovascular diseases,I60-I69,I64,Finnish_34
20,Cerebrovascular diseases,I60-I69,I65,Finnish_34
20,Cerebrovascular diseases,I60-I69,I66,Finnish_34
20,Cerebrovascular diseases,I60-I69,I67,Finnish_34
20,Cerebrovascular diseases,I60-I69,I68,Finnish_34
20,Cerebrovascular diseases,I60-I69,I69,Finnish_34
21,Diseases of arteries and veins,"I70-I73,I78,I79,I83-I87,I89",I70,Finnish_34
21,Diseases of arteries and veins,"I70-I73,I78,I79,I83-I87,I89",I71,Finnish_34
21,Diseases of arteries and veins,"I70-I73,I78,I79,I83-I87,I89",I72,Finnish_34
21,Diseases of arteries and veins,"I70-I73,I78,I79,I83-I87,I89",I73,Finnish_34
21,Diseases of arteries and veins,"I70-I73,I78,I79,I83-I87,I89",I78,Finnish_34
21,Diseases of arteries and veins,"I70-I73,I78,I79,I83-I87,I89",I79,Finnish_34
21,Diseases of arteries and veins,"I70-I73,I78,I79,I83-I87,I89",I83,Finnish_34
21,Diseases of arteries and veins,"I70-I73,I78,I79,I83-I87,I89",I84,Finnish_34
21,Diseases of arteries and veins,"I70-I73,I78,I79,I83-I87,I89",I85,Finnish_34
21,Diseases of arteries and veins,"I70-I73,I78,I79,I83-I87,I89",I86,Finnish_34
21,Diseases of arteries and veins,"I70-I73,I78,I79,I83-I87,I89",I87,Finnish_34
21,Diseases of arteries and veins,"I70-I73,I78,I79,I83-I87,I89",I89,Finnish_34
22,Chronic diseases of the upper respiratory tract,"J30-J35,J37,J38",J30,Finnish_34
22,Chronic diseases of the upper respiratory tract,"J30-J35,J37,J38",J31,Finnish_34
22,Chronic diseases of the upper respiratory tract,"J30-J35,J37,J38",J32,Finnish_34
22,Chronic diseases of the upper respiratory tract,"J30-J35,J37,J38",J33,Finnish_34
22,Chronic diseases of the upper respiratory tract,"J30-J35,J37,J38",J34,Finnish_34
22,Chronic diseases of the upper respiratory tract,"J30-J35,J37,J38",J35,Finnish_34
22,Chronic diseases of the upper respiratory tract,"J30-J35,J37,J38",J37,Finnish_34
22,Chronic diseases of the upper respiratory tract,"J30-J35,J37,J38",J38,Finnish_34
23,Chronic diseases of the lower respiratory tract,"J41-J47,J60-J68,J70,J84,J92,J95-J99",J41,Finnish_34
23,Chronic diseases of the lower respiratory tract,"J41-J47,J60-J68,J70,J84,J92,J95-J99",J42,Finnish_34
23,Chronic diseases of the lower respiratory tract,"J41-J47,J60-J68,J70,J84,J92,J95-J99",J43,Finnish_34
23,Chronic diseases of the lower respiratory tract,"J41-J47,J60-J68,J70,J84,J92,J95-J99",J44,Finnish_34
23,Chronic diseases of the lower respiratory tract,"J41-J47,J60-J68,J70,J84,J92,J95-J99",J45,Finnish_34
23,Chronic diseases of the lower respiratory tract,"J41-J47,J60-J68,J70,J84,J92,J95-J99",J46,Finnish_34
23,Chronic diseases of the lower respiratory tract,"J41-J47,J60-J68,J70,J84,J92,J95-J99",J47,Finnish_34
23,Chronic diseases of the lower respiratory tract,"J41-J47,J60-J68,J70,J84,J92,J95-J99",J60,Finnish_34
23,Chronic diseases of the lower respiratory tract,"J41-J47,J60-J68,J70,J84,J92,J95-J99",J61,Finnish_34
23,Chronic diseases of the lower respiratory tract,"J41-J47,J60-J68,J70,J84,J92,J95-J99",J62,Finnish_34
23,Chronic diseases of the lower respiratory tract,"J41-J47,J60-J68,J70,J84,J92,J95-J99",J63,Finnish_34
23,Chronic diseases of the lower respiratory tract,"J41-J47,J60-J68,J70,J84,J92,J95-J99",J64,Finnish_34
23,Chronic diseases of the lower respiratory tract,"J41-J47,J60-J68,J70,J84,J92,J95-J99",J65,Finnish_34
23,Chronic diseases of the lower respiratory tract,"J41-J47,J60-J68,J70,J84,J92,J95-J99",J66,Finnish_34
23,Chronic diseases of the lower respiratory tract,"J41-J47,J60-J68,J70,J84,J92,J95-J99",J67,Finnish_34
23,Chronic diseases of the lower respiratory tract,"J41-J47,J60-J68,J70,J84,J92,J95-J99",J68,Finnish_34
23,Chronic diseases of the lower respiratory tract,"J41-J47,J60-J68,J70,J84,J92,J95-J99",J70,Finnish_34
23,Chronic diseases of the lower respiratory tract,"J41-J47,J60-J68,J70,J84,J92,J95-J99",J84,Finnish_34
23,Chronic diseases of the lower respiratory tract,"J41-J47,J60-J68,J70,J84,J92,J95-J99",J92,Finnish_34
23,Chronic diseases of the lower respiratory tract,"J41-J47,J60-J68,J70,J84,J92,J95-J99",J95,Finnish_34
23,Chronic diseases of the lower respiratory tract,"J41-J47,J60-J68,J70,J84,J92,J95-J99",J96,Finnish_34
23,Chronic diseases of the lower respiratory tract,"J41-J47,J60-J68,J70,J84,J92,J95-J99",J97,Finnish_34
23,Chronic diseases of the lower respiratory tract,"J41-J47,J60-J68,J70,J84,J92,J95-J99",J98,Finnish_34
23,Chronic diseases of the lower respiratory tract,"J41-J47,J60-J68,J70,J84,J92,J95-J99",J99,Finnish_34
24,"Diseases of the oesophagus, stomach, and duodenum",K21-K31,K21,Finnish_34
24,"Diseases of the oesophagus, stomach, and duodenum",K21-K31,K22,Finnish_34
24,"Diseases of the oesophagus, stomach, and duodenum",K21-K31,K23,Finnish_34
24,"Diseases of the oesophagus, stomach, and duodenum",K21-K31,K24,Finnish_34
24,"Diseases of the oesophagus, stomach, and duodenum",K21-K31,K25,Finnish_34
24,"Diseases of the oesophagus, stomach, and duodenum",K21-K31,K26,Finnish_34
24,"Diseases of the oesophagus, stomach, and duodenum",K21-K31,K27,Finnish_34
24,"Diseases of the oesophagus, stomach, and duodenum",K21-K31,K28,Finnish_34
24,"Diseases of the oesophagus, stomach, and duodenum",K21-K31,K29,Finnish_34
24,"Diseases of the oesophagus, stomach, and duodenum",K21-K31,K30,Finnish_34
24,"Diseases of the oesophagus, stomach, and duodenum",K21-K31,K31,Finnish_34
25,Inflammatory and other bowel diseases,"K50-K52,K55,K57-K59,K62,K63,K90",K50,Finnish_34
25,Inflammatory and other bowel diseases,"K50-K52,K55,K57-K59,K62,K63,K90",K51,Finnish_34
25,Inflammatory and other bowel diseases,"K50-K52,K55,K57-K59,K62,K63,K90",K52,Finnish_34
25,Inflammatory and other bowel diseases,"K50-K52,K55,K57-K59,K62,K63,K90",K55,Finnish_34
25,Inflammatory and other bowel diseases,"K50-K52,K55,K57-K59,K62,K63,K90",K57,Finnish_34
25,Inflammatory and other bowel diseases,"K50-K52,K55,K57-K59,K62,K63,K90",K58,Finnish_34
25,Inflammatory and other bowel diseases,"K50-K52,K55,K57-K59,K62,K63,K90",K59,Finnish_34
25,Inflammatory and other bowel diseases,"K50-K52,K55,K57-K59,K62,K63,K90",K62,Finnish_34
25,Inflammatory and other bowel diseases,"K50-K52,K55,K57-K59,K62,K63,K90",K63,Finnish_34
25,Inflammatory and other bowel diseases,"K50-K52,K55,K57-K59,K62,K63,K90",K90,Finnish_34
26,"Diseases of the liver, pancreas, and biliary tract","K70-K77,K80,K81,K86",K70,Finnish_34
26,"Diseases of the liver, pancreas, and biliary tract","K70-K77,K80,K81,K86",K71,Finnish_34
26,"Diseases of the liver, pancreas, and biliary tract","K70-K77,K80,K81,K86",K72,Finnish_34
26,"Diseases of the liver, pancreas, and biliary tract","K70-K77,K80,K81,K86",K73,Finnish_34
26,"Diseases of the liver, pancreas, and biliary tract","K70-K77,K80,K81,K86",K74,Finnish_34
26,"Diseases of the liver, pancreas, and biliary tract","K70-K77,K80,K81,K86",K75,Finnish_34
26,"Diseases of the liver, pancreas, and biliary tract","K70-K77,K80,K81,K86",K76,Finnish_34
26,"Diseases of the liver, pancreas, and biliary tract","K70-K77,K80,K81,K86",K77,Finnish_34
26,"Diseases of the liver, pancreas, and biliary tract","K70-K77,K80,K81,K86",K80,Finnish_34
26,"Diseases of the liver, pancreas, and biliary tract","K70-K77,K80,K81,K86",K81,Finnish_34
26,"Diseases of the liver, pancreas, and biliary tract","K70-K77,K80,K81,K86",K86,Finnish_34
27,Chronic skin diseases,"L10,L12,L13,L20,L21,L23,L24,L26,L28,L40,L41,L43-L45",L10,Finnish_34
27,Chronic skin diseases,"L10,L12,L13,L20,L21,L23,L24,L26,L28,L40,L41,L43-L45",L12,Finnish_34
27,Chronic skin diseases,"L10,L12,L13,L20,L21,L23,L24,L26,L28,L40,L41,L43-L45",L13,Finnish_34
27,Chronic skin diseases,"L10,L12,L13,L20,L21,L23,L24,L26,L28,L40,L41,L43-L45",L20,Finnish_34
27,Chronic skin diseases,"L10,L12,L13,L20,L21,L23,L24,L26,L28,L40,L41,L43-L45",L21,Finnish_34
27,Chronic skin diseases,"L10,L12,L13,L20,L21,L23,L24,L26,L28,L40,L41,L43-L45",L23,Finnish_34
27,Chronic skin diseases,"L10,L12,L13,L20,L21,L23,L24,L26,L28,L40,L41,L43-L45",L24,Finnish_34
27,Chronic skin diseases,"L10,L12,L13,L20,L21,L23,L24,L26,L28,L40,L41,L43-L45",L26,Finnish_34
27,Chronic skin diseases,"L10,L12,L13,L20,L21,L23,L24,L26,L28,L40,L41,L43-L45",L28,Finnish_34
27,Chronic skin diseases,"L10,L12,L13,L20,L21,L23,L24,L26,L28,L40,L41,L43-L45",L40,Finnish_34
27,Chronic skin diseases,"L10,L12,L13,L20,L21,L23,L24,L26,L28,L40,L41,L43-L45",L41,Finnish_34
27,Chronic skin diseases,"L10,L12,L13,L20,L21,L23,L24,L26,L28,L40,L41,L43-L45",L43,Finnish_34
27,Chronic skin diseases,"L10,L12,L13,L20,L21,L23,L24,L26,L28,L40,L41,L43-L45",L44,Finnish_34
27,Chronic skin diseases,"L10,L12,L13,L20,L21,L23,L24,L26,L28,L40,L41,L43-L45",L45,Finnish_34
28,Inflammatory diseases of joints and connective tissue,"M05-M14,M30-M36",M05,Finnish_34
28,Inflammatory diseases of joints and connective tissue,"M05-M14,M30-M36",M06,Finnish_34
28,Inflammatory diseases of joints and connective tissue,"M05-M14,M30-M36",M07,Finnish_34
28,Inflammatory diseases of joints and connective tissue,"M05-M14,M30-M36",M08,Finnish_34
28,Inflammatory diseases of joints and connective tissue,"M05-M14,M30-M36",M09,Finnish_34
28,Inflammatory diseases of joints and connective tissue,"M05-M14,M30-M36",M10,Finnish_34
28,Inflammatory diseases of joints and connective tissue,"M05-M14,M30-M36",M11,Finnish_34
28,Inflammatory diseases of joints and connective tissue,"M05-M14,M30-M36",M12,Finnish_34
28,Inflammatory diseases of joints and connective tissue,"M05-M14,M30-M36",M13,Finnish_34
28,Inflammatory diseases of joints and connective tissue,"M05-M14,M30-M36",M14,Finnish_34
28,Inflammatory diseases of joints and connective tissue,"M05-M14,M30-M36",M30,Finnish_34
28,Inflammatory diseases of joints and connective tissue,"M05-M14,M30-M36",M31,Finnish_34
28,Inflammatory diseases of joints and connective tissue,"M05-M14,M30-M36",M32,Finnish_34
28,Inflammatory diseases of joints and connective tissue,"M05-M14,M30-M36",M33,Finnish_34
28,Inflammatory diseases of joints and connective tissue,"M05-M14,M30-M36",M34,Finnish_34
28,Inflammatory diseases of joints and connective tissue,"M05-M14,M30-M36",M35,Finnish_34
28,Inflammatory diseases of joints and connective tissue,"M05-M14,M30-M36",M36,Finnish_34
29,Arthrosis,M15-M19,M15,Finnish_34
29,Arthrosis,M15-M19,M16,Finnish_34
29,Arthrosis,M15-M19,M17,Finnish_34
29,Arthrosis,M15-M19,M18,Finnish_34
29,Arthrosis,M15-M19,M19,Finnish_34
30,Other musculoskeletal diseases,"M20-M24,M70,M72-M75,M79-M84,M91,M93,M94,M96,M99",M20,Finnish_34
30,Other musculoskeletal diseases,"M20-M24,M70,M72-M75,M79-M84,M91,M93,M94,M96,M99",M21,Finnish_34
30,Other musculoskeletal diseases,"M20-M24,M70,M72-M75,M79-M84,M91,M93,M94,M96,M99",M22,Finnish_34
30,Other musculoskeletal diseases,"M20-M24,M70,M72-M75,M79-M84,M91,M93,M94,M96,M99",M23,Finnish_34
30,Other musculoskeletal diseases,"M20-M24,M70,M72-M75,M79-M84,M91,M93,M94,M96,M99",M24,Finnish_34
30,Other musculoskeletal diseases,"M20-M24,M70,M72-M75,M79-M84,M91,M93,M94,M96,M99",M70,Finnish_34
30,Other musculoskeletal diseases,"M20-M24,M70,M72-M75,M79-M84,M91,M93,M94,M96,M99",M72,Finnish_34
30,Other musculoskeletal diseases,"M20-M24,M70,M72-M75,M79-M84,M91,M93,M94,M96,M99",M73,Finnish_34
30,Other musculoskeletal diseases,"M20-M24,M70,M72-M75,M79-M84,M91,M93,M94,M96,M99",M74,Finnish_34
30,Other musculoskeletal diseases,"M20-M24,M70,M72-M75,M79-M84,M91,M93,M94,M96,M99",M75,Finnish_34
30,Other musculoskeletal diseases,"M20-M24,M70,M72-M75,M79-M84,M91,M93,M94,M96,M99",M79,Finnish_34
30,Other musculoskeletal diseases,"M20-M24,M70,M72-M75,M79-M84,M91,M93,M94,M96,M99",M80,Finnish_34
30,Other musculoskeletal diseases,"M20-M24,M70,M72-M75,M79-M84,M91,M93,M94,M96,M99",M81,Finnish_34
30,Other musculoskeletal diseases,"M20-M24,M70,M72-M75,M79-M84,M91,M93,M94,M96,M99",M82,Finnish_34
30,Other musculoskeletal diseases,"M20-M24,M70,M72-M75,M79-M84,M91,M93,M94,M96,M99",M83,Finnish_34
30,Other musculoskeletal diseases,"M20-M24,M70,M72-M75,M79-M84,M91,M93,M94,M96,M99",M84,Finnish_34
30,Other musculoskeletal diseases,"M20-M24,M70,M72-M75,M79-M84,M91,M93,M94,M96,M99",M91,Finnish_34
30,Other musculoskeletal diseases,"M20-M24,M70,M72-M75,M79-M84,M91,M93,M94,M96,M99",M93,Finnish_34
30,Other musculoskeletal diseases,"M20-M24,M70,M72-M75,M79-M84,M91,M93,M94,M96,M99",M94,Finnish_34
30,Other musculoskeletal diseases,"M20-M24,M70,M72-M75,M79-M84,M91,M93,M94,M96,M99",M96,Finnish_34
30,Other musculoskeletal diseases,"M20-M24,M70,M72-M75,M79-M84,M91,M93,M94,M96,M99",M99,Finnish_34
31,Back diseases,M40-M54,M40,Finnish_34
31,Back diseases,M40-M54,M41,Finnish_34
31,Back diseases,M40-M54,M42,Finnish_34
31,Back diseases,M40-M54,M43,Finnish_34
31,Back diseases,M40-M54,M44,Finnish_34
31,Back diseases,M40-M54,M45,Finnish_34
31,Back diseases,M40-M54,M46,Finnish_34
31,Back diseases,M40-M54,M47,Finnish_34
31,Back diseases,M40-M54,M48,Finnish_34
31,Back diseases,M40-M54,M49,Finnish_34
31,Back diseases,M40-M54,M50,Finnish_34
31,Back diseases,M40-M54,M51,Finnish_34
31,Back diseases,M40-M54,M52,Finnish_34
31,Back diseases,M40-M54,M53,Finnish_34
31,Back diseases,M40-M54,M54,Finnish_34
32,Chronic diseases of the kidneys and urinary tract,"N01,N03-N05,N07,N08,N11,N18-N22,N31-N33,N35",N01,Finnish_34
32,Chronic diseases of the kidneys and urinary tract,"N01,N03-N05,N07,N08,N11,N18-N22,N31-N33,N35",N03,Finnish_34
32,Chronic diseases of the kidneys and urinary tract,"N01,N03-N05,N07,N08,N11,N18-N22,N31-N33,N35",N04,Finnish_34
32,Chronic diseases of the kidneys and urinary tract,"N01,N03-N05,N07,N08,N11,N18-N22,N31-N33,N35",N05,Finnish_34
32,Chronic diseases of the kidneys and urinary tract,"N01,N03-N05,N07,N08,N11,N18-N22,N31-N33,N35",N07,Finnish_34
32,Chronic diseases of the kidneys and urinary tract,"N01,N03-N05,N07,N08,N11,N18-N22,N31-N33,N35",N08,Finnish_34
32,Chronic diseases of the kidneys and urinary tract,"N01,N03-N05,N07,N08,N11,N18-N22,N31-N33,N35",N11,Finnish_34
32,Chronic diseases of the kidneys and urinary tract,"N01,N03-N05,N07,N08,N11,N18-N22,N31-N33,N35",N18,Finnish_34
32,Chronic diseases of the kidneys and urinary tract,"N01,N03-N05,N07,N08,N11,N18-N22,N31-N33,N35",N19,Finnish_34
32,Chronic diseases of the kidneys and urinary tract,"N01,N03-N05,N07,N08,N11,N18-N22,N31-N33,N35",N20,Finnish_34
32,Chronic diseases of the kidneys and urinary tract,"N01,N03-N05,N07,N08,N11,N18-N22,N31-N33,N35",N21,Finnish_34
32,Chronic diseases of the kidneys and urinary tract,"N01,N03-N05,N07,N08,N11,N18-N22,N31-N33,N35",N22,Finnish_34
32,Chronic diseases of the kidneys and urinary tract,"N01,N03-N05,N07,N08,N11,N18-N22,N31-N33,N35",N31,Finnish_34
32,Chronic diseases of the kidneys and urinary tract,"N01,N03-N05,N07,N08,N11,N18-N22,N31-N33,N35",N32,Finnish_34
32,Chronic diseases of the kidneys and urinary tract,"N01,N03-N05,N07,N08,N11,N18-N22,N31-N33,N35",N33,Finnish_34
32,Chronic diseases of the kidneys and urinary tract,"N01,N03-N05,N07,N08,N11,N18-N22,N31-N33,N35",N35,Finnish_34
33,Diseases of male genitals/reproductive organs,"N40-N42,N48,N50",N40,Finnish_34
33,Diseases of male genitals/reproductive organs,"N40-N42,N48,N50",N41,Finnish_34
33,Diseases of male genitals/reproductive organs,"N40-N42,N48,N50",N42,Finnish_34
33,Diseases of male genitals/reproductive organs,"N40-N42,N48,N50",N48,Finnish_34
33,Diseases of male genitals/reproductive organs,"N40-N42,N48,N50",N50,Finnish_34
34,Diseases of female genitals/reproductive organs,"N80,N81,N88",N80,Finnish_34
34,Diseases of female genitals/reproductive organs,"N80,N81,N88",N81,Finnish_34
34,Diseases of female genitals/reproductive organs,"N80,N81,N88",N88,Finnish_34
